LaRegion,LA,urban,Population2007,Population2008,Population2009,CINrAtMarch31St2009,CINrDuring2009,CINrReferrals2007,CINrReferrals2008,CINrReferrals2009,CINrPriorReferral2007,CINrPriorReferral2008,CINrPriorReferral2009,CINrAssessmentInitial7Days2007,CINrAssessmentInitial7Days2008,CINrAssessmentInitial10Days2009,CINrAssessmentCore35Days2007,CINrAssessmentCore35Days2008,CINrAssessmentCore35Days2009,CINrCPPWithPriorCPP2007,CINrCPPWithPriorCPP2008,CINrCPPWithPriorCPP2009,WFrVacancyRate2010,WFrTurnoverRate2010,WFrAgencyWorkerRate2010,IMDScore
North East,Hartlepool,4,21157,21027,20711,388.2,832.9,659.4,442.3,474.6,29.7,21,10.3,74.9,73.6,82.3,92.2,61.7,71.9,15.8,10,28.2, , , ,33.68
North East,Middlesbrough,4,31876,31854,31697,694.7,1213.7,465.9,609,731.6,12.1,15.5,5.2,82.2,78.7,90.3,91.5,85,84.4,9.3,19.6,15.6, , , ,37.62
North East,Redcar and Cleveland,3,29717,29296,28784,386,813,730.2,626.4,676.4,32.7,27.2,10.9,80.3,86.8,86.3,60.6,79.1,70.6,20.7,8.6,8.9,7.7,8.3,0,28.55
North East,Stockton on Tees,4,42689,42702,42503,420.9,719.9,392.4,449.6,556.7,9.6,8.1,8.3,86.8,83.9,69.2,88.4,88.5,63.7,10,10.6,13.6,0,75,0,23.46
North East,Darlington,4,22797,22858,22799,389.1,831.6,1348.9,1358.4,717.1,36.1,41.7,13.8,68.8,60,58.7,87,73.2,72.3,11.8,8.3,10.5, , , ,25.41
North West,Halton,4,28230,28271,28113,345.4,663,400.3,451,432.5,13.7,15.3,4.3,90.2,88,89.3,90.1,91.1,93.7,6.3, ,9,9.1,0,0,32.54
North West,Warrington,4,44063,44005,43912,364.1,568.4,334.7,268.2,364.1,11.5,32.6,5.3,64.6,55.6,38.9,52.4,38.5,14.9,10,12,13.2,7.1,15.4,0,18.49
North West,Blackburn with Darwen,4,38430,38413,38600,393.8,981.1,317.5,447.8,803.4,16.8,19.2,16.6,81.5,83.2,92.1,87.7,88.8,83.8,10.5,23.5,11.3, , , ,35.23
North West,Blackpool,4,29716,29537,29282,459,775.9,1193,856.6,992.1,61.8,37.2,17,61.9,59.3,83.2,69,57.8,48.6,17.1,18.4,12.6,0,0,0,40.39
Yorkshire and the Humber,Kingston upon Hull,4,56066,55737,54928,508.7,992.4,604.6,419.8,1049.4,12.8,17.7,14.5,75.4,74.1,80.9,75,70.1,71.9,19.4,19.4,12.8, , , ,37.53
Yorkshire and the Humber,East Riding of Yorkshire,2,65290,65160,64678,344,621.2,293.3,305.4,380,5,4.5,4.5,83,78.8,82.3,95.2,89.5,81.4,11.5,4.2,9,4.2,17.4,0,14.97
Yorkshire and the Humber,North East Lincolnshire,4,35883,35389,34696,432.6,795.5,476.5,498.7,707.9,23.7,21.2,12.4,92.7,92.7,93.6,97.1,96.5,97, , ,8.3, , , ,29.3
Yorkshire and the Humber,North Lincolnshire,3,35453,35507,35350,277.5,480.1,626.2,515.4,709.5,16.7,19.1,15.4,85.8,86.3,91.8,93.8,94.6,89.3,11.8,17.4,11.7,0,0,0,21.75
Yorkshire and the Humber,York,4,34736,34780,35045,305.9,658,460.6,406.8,325,27.2,24.4,8.4,65.9,71.4,82,89.3,91.9,84.6,5.6,7.4,25.2, , , ,12.93
East Midlands,Derby,4,54755,55398,55899,451,845.8,673.9,464.8,602.9,31.8,16.9,8.5,61,60.4,51.9,89.9,79.2,86,17.6,12.5,11.3,0,8,0,24.58
East Midlands,Leicester,4,73927,75176,75858,355,729.8,675.7,729,1062.4,18.1,16.3,18,62,67.1,73.1,87.2,85.3,86.4,16,17.4,19, , , ,33.65
East Midlands,Rutland,1,8140,8114,7995,292.7,515.3,331.7,314.3,427.8,18.5,9.8,10.5,93.3,96.6,89.8,80,46.7,86.3, ,0, ,0,0,0,8.62
East Midlands,Nottingham,5,58292,59681,60585,387.9,848.4,1038.7,810.1,958,41.5,33.3,11.1,62,63.8,76.9,76.9,74.8,85,12.5,11.7,17.3, , , ,34.42
West Midlands,Herefordshire,2,36944,36755,36249,131.9,278.6,234.1,272.1,269,22,19.5,7.1,57.8,37.1,83.5,75,67.4,66.4,11.8,16, ,0,0,0,17.91
West Midlands,Telford and Wrekin,4,38765,38656,38720,300.9,466.9,410.2,385.5,322.8,24.5,20.8,9.1,59.9,63.9,71.9,88.2,89.1,77.3,18.2,12.9,16.5, , , ,23.63
West Midlands,Stoke on Trent,4,53414,54258,54246,695.4,747.5,838.7,649.7,575.2,43.8,34.5,8.8,52.9,91.1,91.5,76.4,89.4,77.7,9,12,10.7,0,0,0,35.32
South West,Bath and North East Somerset,3,33159,33588,33619,271.9,430.4,386,339.4,436.7,25.8,28.9,12.1,72.5,54.4,77,50,75.6,78.5,25, ,11.4, , , ,12.1
South West,Bristol City of,4,81753,82885,84183,390.9,747.9,807.9,796.3,927.7,25.3,17.3,16.4,69,68.3,78.6,82.4,72.6,77.9,12.5,9.2,10.7, , , ,25.17
South West,North Somerset,3,41400,41590,41605,387.2,690.5,356.3,464.1,730.7,26.4,24.9,15.1,71.4,64,68.3,81.8,79.6,62.4,19,10,9.8, , , ,15.18
South West,South Gloucestershire,4,55142,55755,56479,231.9,334.3,262.1,273.5,350.9,22.8,24.6,10.8,31.7,69.9,76.4,82.1,88.9,69,9.5,8.8,5.5, , , ,10.62
South West,Plymouth,4,50106,50117,49985,357.9,988.5,489,642.5,688,21,22.5,12.1,69.2,77.1,72.3,71.6,85.7,77.5,9.6,12.8,14.9, , , ,25.63
South West,Torbay,4,25858,25606,25258,415.7,782.3,380.9,353.4,454.5,28.4,18.2,8.8,74.2,71.3,69.6,62.2,76.2,52.2,20,11.1,7.4, , , ,26.82
South West,Bournemouth,4,28868,29735,30500,478,1006.2,549.1,558.3,494.4,21.5,19.6,5.8,95.9,46.3,57.5,59.1,31.8,59.3,3.6,3.6,12.5,0,7.1,6.7,23.38
South West,Poole,4,28439,28595,28838,391.2,539.6,344.6,321.7,376.6,19.9,20.7,9.4,73,83,45.5,80,78,65.1,5.9,15,12.8, , , ,16.12
South West,Swindon,4,44242,45014,45487,264.3,703.9,382,399.9,411.5,18.9,16.4,14,62.6,71.6,74,91.1,93.5,71.2,13.6,14.3,11.1,6.3,6.7,6.3,16.46
East of England,Peterborough,4,40986,41799,42523,514.1,913.9,572.1,666.3,554.3,27.7,29.8,10.7,54.8,62.8,78.3,62.8,63.9,73.3,26.1,17.2,13.8, , , ,25.63
East of England,Luton,4,48249,49433,50461,470.9,657.9,521.3,406.6,274.9,29,22.6, ,58,77.2,63.5,75,86.5,69.5,14.8,14.3,14.8, , , ,25.78
East of England,Southend on Sea,4,36089,36434,36735,389,862.1,484.9,465.2,532.2,26,18.9,9.1,65.1,74,85.3,75.4,72.4,77.7,13.2,16.7,14.7, , , ,23.12
East of England,Thurrock,6,36581,37071,37462,520.5,1025,519.4,1026.4,661.2,18.7,27.5,9.4,64.5,76.2,81.2,83.6,78.9,72.9,8.8,20,7.7,0,7.7,0,19.45
South East,Medway,4,61531,61561,61086,305.8,489.3,446.1,394.7,439.7,25.3,23.7,9.4,70,73.3,83.7,74.7,82.5,68.3,15.8,10,17.6,0,0,0,20.54
South East,Bracknell Forest,4,25964,25948,26015,220.6,370.6,410.2,406.6,490.1,22.1,25.1,11.8,75.9,70,89.5,81.4,84.2,81.6, ,9.1,12, , , ,9.54
South East,West Berkshire,3,34761,35070,35129,222.3,550.5,352.4,315.1,402.5,20.4,22.6,13.3,55.9,66.4,79.5,56.5,71.1,74.9,14.3,11.8,21.9, , , ,9.98
South East,Reading,4,30504,31244,31923,448.6,907.5,654,901,760,25.8,37.5,14.7,57.2,67.4,68.7,53.9,82.8,63.3,18.2,18.8,13.5, , , ,20.59
South East,Slough,4,32346,33511,34619,335.1,679.7,817.7,1132.5,978.1,10.4,17.7,16.8,78.6,73.1,80.8,89.5,74.2,83.9,10.5,11.4,12.7, , , ,24.16
South East,Windsor and Maidenhead,4,31413,31424,31625,253.3,533.4,251.5,272.1,344.3,17.1,13.5,6.6,68.1,60,78.8,83.3,83.5,80,16.7,15,9.1, , , ,8.82
South East,Wokingham,4,34361,34504,34913,159.8,364,248.8,324.6,324.5,28.7,25.4,11.1,51.4,50,93,69.6,62.9,75.4, ,0,17.3, , , ,5.45
South East,Milton Keynes,4,56206,57453,58744,232.7,463.7,384.3,552.6,625.3,9.3,27.7,16.7,84.8,77.8,89.2,72.1,85,83.6,18.2, , ,9.1,10,0,15.59
South East,Brighton and Hove,4,48414,49175,49556,585.6,763.4,630,671.1,466.7,16.6,17.3,0,88.5,89.9,68.2,87.4,81.7,74.5,18.6,14.8,13.4, , , ,26
South East,Portsmouth,4,39661,40277,40916,537,955.4,494.2,449.4,606.4,22.4,19.9,13.4,92.2,74.4,77.5,83.6,82.8,85.6,16.7,13,21.5,0,0,0,25.41
South East,Southampton,4,42826,43627,44653,459.3,1137.2,392.3,591.4,696.3,11.3,13,11,60.7,55.7,35.7,67.8,78.2,30.1,13.6,16.7,8.4, , , ,24.98
South East,Isle of Wight,1,27142,26947,26465,273.2,634,372.1,296.9,326.8,25.7,18.8,10.6,73.1,62.6,75.6,82.5,46.7,74.7,26.1,20.7,12.5, , , ,20.73
North East,Durham,2,101814,101739,100773,284.7,592.7,611.4,513.6,627.4,24.2,24.6, ,80.3,73.7,83.8,85.4,88,84.2,9.1,17.4,19, , , ,26.41
North East,Northumberland,2,63232,62861,62091,525.4,1099.2,588.3,657,704.3,11.4,25.3,11.3,86.9,76.9,82.8,89.6,83.5,71,13.2,4.5,13.9,0,7.7,0,20.21
North West,Cheshire East,3,76845,76611,75988,293.7,504.7,805.5,586.7,538.8,28.9,44.4,18.2,64.8,71.3,75.7,68.1,80.2,68.2,10,8.9,6.1,0,0,11.1,14.99
North West,Cheshire West and Chester,3,68725,68162,67214,301.3,654.2, , ,705.5, , ,18.1, , ,76.5, , ,80.7, , ,8.9,0,0,0,14.99
West Midlands,Shropshire,2,61787,61741,61062,288.9,296.1,203.9,265.6,234.7,23.4,19.8,3.8,71.4,65,81.1,59.5,70.9,61.4,14.8,11.4,15.6, , , ,16.36
South West,Cornwall,1,103393,103073,102693,256.4,534.4,711.4,757.7,662.5,33.2,34.2,16,76.9,60.7,83.6,75.7,59.8,73.1,10.9,18.3,15.6, , , ,22.49
South West,Wiltshire,2,103223,103221,102822,180.2,465.7,231.5,307.1,362.5,22.8,16.6,12.2,64.7,70.8,65.1,81.3,85.4,61.8,13.8,15.2,5.3,0,17.4,0,12.19
East of England,Bedford Borough,3,34934,35233,35400,303.4,745.5,800.1,877,461,21.5,18.9,9,87.9,91.2,95.3,80.9,87.6,89.5,14.6,17,12.4,0,0,0,13.44
East of England,Central Bedfordshire,2,56525,56480,56201,242.5,436.5, , ,310.3, , ,7.1, , ,91, , ,72.8, , ,13.2,0,0,0,13.44
North West,Bolton,6,63629,63736,64012,304.9,475.2,433,386.8,554,23,19.1,9.3,89.3,92.2,96.4,88.7,89.4,87.3,9.3,5.6,8.4, , , ,30.46
North West,Bury,6,42284,41996,42052,464.4,696,618.4,765.5,460.1,9.4,21.3,9,90,54.2,90.3,71.4,66.7,73,13.9,17.1,22.4, , , ,22.23
North West,Manchester,6,100970,102941,104178,257.8,443.5,712.1,830.1,794.1,10.1,13.5,16,50.1,65.4,74.8,86.9,68.6,53.9,11.3,14.8,11.7, , , ,41.13
North West,Oldham,6,56021,56364,56301,373.7,722.2,390,292.7,502.1,29.3,21.8,12.6,84.2,94.3,96.9,86.1,96.2,92.9,7.9,10.9,13.9,15.4,4.5,0,30.41
North West,Rochdale,6,51292,51208,50953,384.3,860,523.5,703,625.1,15.5,30.8,10.6,74.6,72.3,75.6,88.6,59.6,60.6,9.5,14.6,11.9, , , ,33.85
North West,Salford,6,47913,48863,49504,235.7,379.4,513.4,633.4,636.7,23.6,26,11.9,74.8,78.2,46.3,88.9,78.4,42.1,22.2,12.5,10.1, , , ,34.74
North West,Stockport,6,61208,60926,60613,248.3,314.5,306.3,306.9,490.5,22.9,22.2,18.1,73.4,80.3,87.4,83.8,86.2,79.8,16.1,17.9,17.8,0,5.6,0,18.88
North West,Tameside,6,48429,48537,48478,332.3,779.9,541,577.9,614.9,26.7,25.8,11.4,83.1,80.6,92.1,81.4,76.6,68.4,18.9,14,8.4,0,14.3,0,29.62
North West,Trafford,6,50101,50101,50594,246.1,411.9,192.6,192.6,197.8,16.6,11.4,4.1,74,86.6,80.2,87.1,85.1,61.4,17.5,15.8,13.3, , , ,17.05
North West,Wigan,6,67785,68054,68062,342.5,630.6,421.9,408.5,358.2,28.8,25.2,7.3,72.7,73.6,74.2,69.6,82.6,83.8,11.1,10.5,17.5, , , ,26.01
North West,Knowsley,6,35029,34467,33753,365.3,913.4,455.3,536.7,790.4,21.9,24.9,15.6,75.6,65.8,65.5,81.3,62.3,55.6,5,7.7,8, , , ,41.01
North West,Liverpool,6,92223,91262,90059, , ,636,607,974.1,8.3,4.5, ,91.7,74.3, ,95.1,96.7,50.6,19.3,9.8,9.2,4.9,2.6,0,43.45
North West,St Helens,6,38272,37847,37317,412.1,939,708.1,803.2,923.7,33.9,29.8,15.3,74.8,77.6,78,82.3,91.5,76.4,4.5,11.4,19.8, , , ,28.37
North West,Sefton,6,57618,56415,55180,334.4,669.4,347.1,400.6,469.2,32.5,15.3,12.2,59,65.1,75.5,80.5,69.8,81.5,13.3,13.5,16.7,0,9.1,0,24.25
North West,Wirral,6,69361,68964,68434,390.4,777.4,407.3,460.4,508.7,27.6,25,13.3,78.8,77.5,75,89.6,78.6,75.9,15.2,10.9,17.1, , , ,26.84
Yorkshire and the Humber,Barnsley,5,49150,49208,48966,227.5,483,504.6,457.2,506.7,27.4,25.1,11.9,71.1,68.5,78.8,82.5,88,82.1,16.1,11.8,8.1, , , ,28.55
Yorkshire and the Humber,Doncaster,5,65909,65654,65348,329.3,820.5,558.3,498.1,594.1,26,23.7,11.3,25.3,49.7,47.2,71.6,74.7,62.7,13.6,8.8,15.7, , , ,29.76
Yorkshire and the Humber,Rotherham,5,56974,56875,56627,467.8,992.3,1326,692.7,689.8,37.6,34.3,12.6,80.5,77.8,85.5,83.1,84.6,80,15.6,10.9,15.3, , , ,28.12
Yorkshire and the Humber,Sheffield,5,109983,111090,112138,385.5,630.2,450.1,533.4,555.2,17.6,27.4,6.3,78.7,78.9,85.2,84.4,78.9,81,11.1,10.1,8.9,0,1.3,0,27.39
North East,Gateshead,6,39946,39982,39911,467.3,524.4,420.6,430.2,398.4,11,11.3,4.3,74.7,76.4,89,79.7,91.5,87.5,14.3,16.7,8.8,0,5.9,0,29.48
North East,Newcastle upon Tyne,6,53039,53521,53617,466.8,851.6,1007.7,540.9,509,26.8,25.2,7.5,39.8,79.4,89.4,63.5,72.5,79.4,14.3,17.6,19.1,2.8,5.7,0,29.74
North East,North Tyneside,6,40129,40271,40304,373.2,771.1,464.8,378.7,455,23.1,30.2,12.8,73.4,88.8,90.5,95.2,89,91.1,16.1,12.5,16.7,0,0,0,22.24
North East,South Tyneside,6,31164,30846,30317,426.2,700.3,335.3,471.7,454.2,14.4,15.8,9.1,68.9,76.5,90.9,68,82.2,90.4,7.3,15.6,16.5, , , ,28.35
North East,Sunderland,6,57867,57333,56478,397.1,1052.3,559.9,653.2,642.4,23,25.4,11.1,65.8,66,76.4,74,75.4,76.7,7.5,15,13.3, , , ,29.46
West Midlands,Birmingham,6,261954,265697,269466,266.2,811.6,1323.5,645.8,575.1,43.3,21.2,10.6,62.4,65.7,91,74.9,73.5,82.1,13.6,16.9,19.9, , , ,37.54
West Midlands,Coventry,4,66870,67857,68923,349.7,865.5,462.8,478.2,548.3,16.6,18.5,9.1,44,82.2,81.4,80.9,89.4,85.4,9.5,14.5,10.2,9.5,10.5,2.6,28.44
West Midlands,Dudley,6,67823,67937,67659,399.9,1184.6,432,613.1,1006.1,22.2,23.5,16.5,61,66.4,63.7,76,83.7,77.4,12.2,8.5,13.9, , , ,23.22
West Midlands,Sandwell,6,70608,71662,72874,375.9,523.4,400.1,436.8,694.3,24.1,21.2,14.1,70.1,73.6,70.3,67.7,84.2,75.2,9.4,15.4,6.7, , , ,36.97
West Midlands,Solihull,6,45948,45827,45251,313.1,489.9,638.8,453.9,620.1,25.4,31,14.1,74,67.1,48.8,87.5,73.1,75.7,20,23.1,8,3.8,8,0,16.38
West Midlands,Walsall,6,62198,62510,62652,443.4,794.4,465.4,366.3,485.7,12.8,11.6,11.1,82.6,80.4,59.4,92.3,88.1,86.3,11.1,13.7,9,13.3,11.5,0,31.23
West Midlands,Wolverhampton,6,55308,55722,55558,333.9,569,595.8,758.2,669.2,35.5,15.3,8.5,56.4,48.5,80,86.8,42.4,90.6,13.2,17.1,13.7, , , ,34.41
Yorkshire and the Humber,Bradford,6,129495,131675,133708,297.3,474.9,398.5,465.2,564.4,24.3,24,14.1,92.5,72.6,66.9,95.4,86.3,82.1,10.7,15.5,8.1, , , ,32.58
Yorkshire and the Humber,Calderdale,6,45380,45474,45593,366.9,569.8,629.1,564.1,361.7,30.5,22.6,7.4,59.4,53.1,49.3,50.9,54.5,62.2,12,9.1, , , , ,23.18
Yorkshire and the Humber,Kirklees,6,95163,95812,95936,285.7,439.7,356.8,382.5,549.2,17.4,19.8,14.7,69.3,68.6,67,71.3,72.2,44.4,11.6,9.3,17.8, , , ,25.23
Yorkshire and the Humber,Leeds,6,149601,151316,152681,362.2,558.6,550.1,572.6,649,20.5,21,13.4,79.9,76.5,66.6,77.8,83.3,64.9,17.2,8.9,12.2, , , ,25.83
Yorkshire and the Humber,Wakefield,4,69439,69243,68908,329.6,796.3,676.1,688.2,760.3,20.8,22.2,16.1,79.8,75.6,74.6,87.9,77.3,88.7,10.4,20,19.6, , , ,25.87
Outer London,Barking and Dagenham,6,46529,48309,50506,332.4,512.4,234.3,621,602.5,25.2,22.5,11,68.3,76.6,48.3,78,85.3,60.3,9.8,13.3,9.8,12.5,14.3,0,34.2
Outer London,Barnet,6,77424,78418,79788,251.9,621.5,277,420.8,422.4,15.6,21.8,11.1,78,72.8,77.1,88.9,84.8,72.7,11.4,8.1,11.6, , , ,16.64
Outer London,Bexley,6,52966,53348,53334,222.7,312.7,547.5,489.2,631.3,10,14.9,16.7,82,75.6,78.4,75.4,76.2,61, , , ,0,6.9,19.4,16.71
Outer London,Brent,6,64436,65790,67496, , ,485.8,523.6,475.7,19.3,26.7, ,69.5,77.4, ,65.3,70.1,81.7,4.3,9.8,16.5,0,21.9,13.5,30.5
Outer London,Bromley,6,67596,67860,68139,412.8,521.9,213,292.5,409.2,11.1,10.1,0,96.5,89.3,29.1,85.2,88.4,43.5,10.7,11.1,4.8,12,13.6,12,14.95
Inner London,Camden,6,37835,38012,38451,632.5,1094.1,750.6,631.4,639,13,10.4,4.4,78.7,82.1,87.4,82,85.4,84.9,15.6,20.4,14.2, , , ,25.43
Outer London,Croydon,6,83537,84722,85384,532.3,742.8,677.5,805,849,18.6,29,14.4,79.2,87,57.6,82,88.1,59.5,18.2,10.3,10.7, , , ,22.76
Outer London,Ealing,6,70380,71912,73585,296.3,599,686.3,781.5,622.5,19.7,24.2,12,42,78.2,89.5,76.3,84.6,85.6,16.1,9.1,15.4, , , ,25.01
Outer London,Enfield,6,72073,73976,75564,239,634.2,305.2,438.7,471.3,10.9,15.4, ,80.6,71,79.6,90.2,82.1,79.1,9.1,8.9,16.2,0,0,9.5,26.06
Outer London,Greenwich,6,56783,57716,59084,464.1,513.7,419.1,389.8,432.3,13.9,16.9,2.7,87.8,82.2,81.8,72.4,73.5,70.3,14.3,14.3,8.6,8.8,12.9,0,31.94
Inner London,Hackney,6,54945,55006,55354, , ,630.6,451.8,810.1,12.1,12.1, ,75.7,78.8, ,76.6,79.4,81.3,14.3,8.9,11.9, , , ,42.89
Inner London,Hammersmith and Fulham,6,31312,31624,31974,519.5,1067.4,854.3,532.8,527.3,22.4,16.9,6.9,76.5,80.1,88.7,83,85.3,91.5,11.8,15.6,17.8, , , ,27.48
Inner London,Haringey,6,54524,55907,56750,773,962.8,456.7,503.5,585.7,19.1,18.7,7.8,87.9,79.2,34.5,83.7,82.8,47.3,12,6.3,11.7, , , ,36.1
Outer London,Harrow,6,51658,52435,53221,239.2,381.2,237.1,221.2,316.2,21.2,20.3,8.7,87.3,80.7,85,76.3,76.5,84.1,15,11.8,8.3, , , ,15.49
Outer London,Havering,6,50561,50783,50945, , ,321.4,480.5,655.8,7.1,12.9, ,63.6,69.1, ,75.9,75.7,66.1,14.3,13.6,8.6, , , ,16.63
Outer London,Hillingdon,6,60076,61317,62610,368.8,717,357.9,316.4,391.2,23.5,16.8,8,76.2,78.8,70,89,73.6,75,8.3,7.9,8.1,23.8,25,0,19.81
Outer London,Hounslow,6,52345,53512,54789,399.9,759.3,357.2,461.6,550.8,11.8,13.6,10.1,74,80.1,65.1,80.2,77.4,71.8,16.3,9.1,17, , , ,21.84
Inner London,Islington,6,34825,35383,35698,513.8,1154.1,730.8,640.1,720.2,16.1,16.6,8.2,81.3,85.9,89.2,75.7,88.1,86.8,10.7,16.1,14.5,0,100,0,35.87
Inner London,Kensington and Chelsea,6,27524,27382,27321,474,1125.1,797.5,850.9,730.9,31.7,22.7,9.4,80.1,89.1,95,89.6,92.8,83.3, ,8.7,6.7, , , ,23.31
Outer London,Kingston upon Thames,6,31845,32260,32755,297.7,539.2,601.4,238.7,362.1,15.9,16.9,8,79.4,78,76.1,90,90,75.5,6.7,11.1, ,0,0,0,11.66
Inner London,Lambeth,6,57955,58264,58881,778.7,1146.7,685,734.6,832.2,6.2,10.2,8.4,76.8,67.1,77.5,81.9,79.5,72.5,10,8.2,13.3, , , ,31.24
Inner London,Lewisham,6,59756,60833,61979,413,1001.5,635.9,593.4,606.7,17.1,21.5,8.8,70.8,88,93.3,76.2,86.2,79.4,20,13.5,11.8,0,0,0,30.97
Outer London,Merton,6,41404,41882,42499,273.7,476.5,365.9,730.6,364.2,23.1,28.9,8.8,79.8,93.8,74.2,88.6,90.1,60.5,7.4,11.5,7.7, , , ,14.56
Inner London,Newham,6,72319,74175,75588,521.1,825.8,562.8,568.9,599.2,24.8,14.3,4.1,59.1,80.1,58.3,80,82.3,46.5,16,13,15.5, , , ,41.84
Outer London,Redbridge,6,64875,66459,67815,375.6,851.4,794.6,500.3,978.1,4.4,10.7, ,86.4,70.1,70.4,80,89.2,74.7,10.3,9.1,9.2,6.9,11.1,20.6,20.37
Outer London,Richmond upon Thames,6,38236,38778,39426,222.9,309.4,210.5,252.7,374.4,19.3,14.3,10.6,81,80.2,88.2,84.2,84.6,89.2, ,22.2, , , , ,10.12
Inner London,Southwark,6,57227,57716,58339,640.6,978.2,922.6,973.7,838.5,13.4,14.8,10.9,78.3,73,74.6,84.9,88.5,86.3,15.1,15.2,17.1, , , ,29.73
Outer London,Sutton,6,41941,42189,42663,398.2,552.2,658.1,790.5,526.5,30.8,33.3,9,75.5,64,44.3,86.3,77.4,70.4,4.2,15.2,14.9, , , ,15.43
Inner London,Tower Hamlets,6,51926,52217,53148,547.7,851.6,548.9,554.4,520.6,14.7,17.6, ,35.5,63.6,70.5,60.2,57.2,58.4,13.2,7.3, , , , ,39.59
Outer London,Waltham Forest,6,56769,57985,59256,326,508.5,679.9,478.6,545.8,21.1,22.5,11.5,44.4,66.4,85.5,55.3,54.6,73.6,12.5,12.1,13.2, , , ,35.44
Inner London,Wandsworth,6,50801,51958,53708,342,657.1,617.1,486,323,12,11.3,8.8,75.9,78.6,91.7,83.9,84.5,88.6,9.1,9.1,16.2,10.3,11.5,0,21.46
Inner London,Westminster,6,31574,32152,33492,744.7,1308.7,557.4,517.9,856.3,17.3,23.7,10.8,91.5,81.9,86.3,82.4,80.6,75.4,10.5,13.3,4.8, , , ,24.59
South East,Buckinghamshire, ,117883,117883,117883,208.3,475.8,268.1,265.5,275,16.9,18.2,10.1,44.5,55.8,64.2,76.8,68.4,58.9,9.5,12.7,17.9, , , ,10.2
East of England,Cambridgeshire, ,124358,125252,125964,281.5,544.8,518.3,314.2,410.8,32,26.3,9.9,67.3,61.8,72.6,81.4,81.4,66.5,15.3,9.8,11.8,0,0,0,12.49
North West,Cumbria, ,99878,99150,98019,425,685.5,361.4,375.2,345.7,31,28.2,13.6,73.3,80.4,95.4,63.7,76.1,97.9,18.2,13.8,8.9, , , ,21.06
East Midlands,Derbyshire, ,160406,159782,158318, , ,606.3,690.6,553.1,33.5,36, ,77.3,72.9, ,76.1,63.3,69.7,10.8,13.2,16.3,5.6,7.8,0,18.47
South West,Devon, ,143373,142659,141696,305.2,476.5,355.4,403.1,533.3,28,29,14.9,82,79.2,84.8,75.5,73.2,78.9,15.4,11.4,16.3,0,5.7,0,17.01
South West,Dorset, ,80062,79232,78099,299.2,638.5,411.6,382.4,384.3,26.4,20.5,9.4,68.7,46.3,70.2,82.2,64.7,61.7,7.7,12.8,13.8, , , ,14.62
South East,East Sussex, ,105046,104572,104062, , ,376,433.2,899.8,17.2,18, ,80.3,71.8, ,83.5,82.3,74,14.5,11.8,17.4, , , ,20.23
East of England,Essex, ,296480,296931,295928,287.7,466.4,475.1,481.3,554,28.6,26,12.6,58.5,75.4,62.8,72.5,80.7,46.5,15.4,19.5,12.2,22.2,1,0,15.3
South West,Gloucestershire, ,123265,122469,122022,310.5,570.4,348.4,362.5,466.1,24.7,8.2, ,62.3,48.7, ,86.3,86.9,69.4,17.1,13,16.2,0,21.7,0,14.56
South East,Hampshire, ,279337,278529,277961,202.6,265.8,225.4,278.1,279.1,23.7,19.6,10.4,73.1,65.1,68.7,81.7,82.9,80.3,17.8,17.2,11.2, , , ,11.34
East of England,Hertfordshire, ,245031,247271,249021,229.6,566.5,306.5,501.9,468.7,22.6,27.2,13.3,58.5,79.7,69.5,73.8,73.6,61.3,14.8,15,12.9, , , ,11.45
South East,Kent, ,315580,317556,318654, , ,380.4,546.7,582.6,24.3,26.7, ,76.9,71.7, ,84.3,81.3,80.4,19,15,16,0,14.2,0,17.69
North West,Lancashire, ,249605,247834,245941,249.8,564.4,610,782.4,732.8,25.2,24.8, ,71.3,72.1,84.1,75.5,74.3,75.5,13.9,12.9,13.3, , , ,22.48
East Midlands,Leicestershire, ,133787,133982,133619, , ,450,217.6,276.6,26.4,29.5, ,87.5,90, ,90.9,85.7,82,7.8,10.9,11, , , ,11.69
East Midlands,Lincolnshire, ,140022,139877,139576,234.8,542.6,339.6,278.1,339,25.2,13.4,7.8,86.2,89,90.4,83.9,83.4,83.3,12.5,19.3,12.5, , , ,18.91
East of England,Norfolk, ,163699,163947,164097,209.4,338,360.7,332.4,578.3,26.7,16.2,13.4,68.6,68.1,61.4,74.8,80.3,66.5,22.5,24.2,15.5, , , ,18.65
East Midlands,Northamptonshire, ,152763,153444,154111,436.5,474.7,258.9,245,321.4,27.6,24.5,12,82.2,74.8,83.3,88.5,76.4,65.3,12.8,13.3,5, , , ,17.4
Yorkshire and the Humber,North Yorkshire, ,123054,122340,120845,204.6,346.1,371.8,326.5,419.2,24.8,23.5,11.9,63.9,55.1,64.2,77.5,69.4,71,12.9,18.9,12, , , ,13.97
East Midlands,Nottinghamshire, ,162463,162302,162053,373.8,609.8,429,521.6,600.8,29.6,31.2,14.5,79.4,65,63.1,78.6,60.2,47.5,15.9,15.6,15.7, , , ,19.52
South East,Oxfordshire, ,134342,134896,135928,256.8,368.9,425.8,365.5,414.6,20.4,25.2,10.4,74.8,60.8,66,93.5,79.5,65.9,16.3,11.5,18.2,10.8,6.1,0,12.26
South West,Somerset, ,110035,109448,108809,307,678.3,321.3,503.4,540.3,18.8,31.3,16.3,70.1,68.1,76.3,79.5,80.3,77.3,17,8.5,13.5, , , ,16.62
West Midlands,Staffordshire, ,174874,174094,172812,337.5,702,429.2,480.8,511.6,19.5,15.8,11.8,75.3,79.1,75.1,69.7,75.3,54.9,11.6,13.6,15.5,0,7.6,0,16.37
East of England,Suffolk, ,150856,150542,150255,297.4,401.8,348,382.6,230.7,15.5,21.4,11.1,64,67.8,94,82.4,83.5,81.8,15,15.2,15.7, , , ,16
South East,Surrey, ,238540,240434,242243,173.7,420.4,302,359.1,273.5,21.4,24.1,11.7, ,57.9,88.7, ,63.9,82.2,12,10.4,10.2,9.5,11.9,0,8.8
West Midlands,Warwickshire, ,113442,113095,111982,335.2,582.1,324.8,674.2,527.9,24.3,22.8,11.1,90,80,74.7,95.5,93.4,88.7,23,14.3,16.8, , , ,14.77
South East,West Sussex, ,162547,162594,162348,317.1,457.8,361.1,331.2,403.4,25,17.1,11.2,35.6,40.8,56.3,75.1,61.8,60.4,17.6,16.3,17.3, , , ,14.13
West Midlands,Worcestershire, ,117952,117227,116206,261.8,416.8,237.8,267.9,271.9,20.9,18,8.9,65.4,61.5,62.2,79.3,74.3,20.8,9.1,13.7,9.4,7.1,10.3,13.3,16.44